[
  {
    "name": "Default",
    "colors": ["#222222", "#303943", "#180EAD", "#0000F9", "#850D85", "#C40B00", "#964600", "#218F9C", "#177400", "#A794A8", "#C0C0C0", "#EEEEEE", "#FFFFFF"]
  },
  {
    "name": "3024",
    "colors": ["#F7F7F7", "#F0F0F0", "#807d7c", "#4a4543", "#a16a94", "#ed0c8c", "#01a252", "#db2d20", "#cdab53"]
  },
  {
    "name": "Arstotzka",
    "colors": ["#211f1e", "#586e75", "#657b83", "#839496", "#93a1a1", "#eee8d5", "#fdf6e3", "#b58900", "#cb4b16", "#dc322f", "#268bd2", "#2aa198", "#859900", "#d33682", "#6c71c4"]
  },
  {
    "name": "Azure",
    "colors": ["#181D26", "#586e75", "#657b83", "#839496", "#93a1a1", "#eee8d5", "#fdf6e3", "#b58900", "#cb4b16", "#dc322f", "#268bd2", "#2aa198", "#859900", "#d33682", "#6c71c4"]
  },
  {
    "name": "Bongzilla",
    "colors": ["#1F1F1F", "#262626", "#AEAEAE", "#F8F8F8", "#8DA6CE", "#FF593E", "#FF6400", "#7F90AA", "#78CE91", "#FFCC66"]
  },
  {
    "name": "Clouds",
    "colors": ["#FFFFFF", "#F7F7F7", "#BCC8BA", "#000000", "#484848", "#484848", "#C52727", "#AF956F", "#5D90CD", "#46A609", "#BF78CC"]
  },
  {
    "name": "Coda",
    "colors": ["#FFFFFF", "#F7F7F7", "#3C802C", "#000000", "#AA1F63", "#881181", "#ED7722", "#916319", "#AA2063"]
  },
  {
    "name": "CSSedit",
    "colors": ["#FFFFFF", "#F7F7F7", "#A8A8A8", "#474747", "#6D4496", "#B84610", "#4678BC", "#5D9629", "#6D4496"]
  },
  {
    "name": "GitHub",
    "colors": ["#ffffff", "#586e75", "#657b83", "#839496", "#93a1a1", "#eee8d5", "#fdf6e3", "#b58900", "#cb4b16", "#dc322f", "#d33682", "#6c71c4", "#268bd2", "#2aa198", "#859900"]
  },
  {
    "name": "Material Dark",
    "colors": ["#212121", "#4F5B66", "#444444", "#EEFFFF", "#EEFFFF", "#80CBC4", "#C792EA", "#C792EA", "#F92672", "#FF5370", "#C3E88D", "#F8E71C"]
  },
  {
    "name": "SMYCK",
    "colors": ["#242424", "#313131", "#B0B0B0", "#F7F7F7", "#C8A0D1", "#72B3CC", "#218693", "#FBB1F9", "#8EB33B", "#77DFD8", "#CDEE69", "#FFE377"]
  },
  {
    "name": "Darcula",
    "colors": ["#2B2B2B", "#383838", "#629755", "#BED6FF", "#A9B7C6", "#CC7832", "#79ABFF", "#9876AA", "#CCDF32", "#FFC66D", "#84B977", "#214283"]
  },
  {
    "name": "Monokai",
    "colors": ["#272822", "#30322A", "#75715E", "#F8F8F0", "#F8F8F0", "#66D9EF", "#A6E22E", "#F92672", "#F92672", "#E6DB74", "#F92672", "#A6E22E"]
  },
  {
    "name": "Nodejs",
    "colors": ["#22252A", "#292D33", "#FFFFFF", "#B4C2D6", "#5D5D5D", "#B6DB51"]
  },
  {
    "name": "Solarized Dark",
    "colors": ["#002b36", "#073642", "#586e75", "#839496", "#93a1a1", "#b58900", "#cb4b16", "#dc322f", "#268bd2", "#2aa198", "#859900", "#d33682"]
  },
  {
    "name": "Solarized Light",
    "colors": ["#586e75", "#657b83", "#93a1a1", "#eee8d5", "#fdf6e3", "#b58900", "#cb4b16", "#dc322f", "#268bd2", "#2aa198", "#859900", "#d33682"]
  },
  {
    "name": "Bold",
    "colors": ["#2a2626", "#586e75", "#657b83", "#839496", "#93a1a1", "#eee8d5", "#fdf6e3", "#b58900", "#cb4b16", "#dc322f", "#268bd2", "#2aa198", "#859900", "#d33682", "#6c71c4"]
  },
  {
    "name": "Box UK",
    "colors": ["#ffffff", "#073642", "#586e75", "#657b83", "#839496", "#93a1a1", "#eee8d5", "#fdf6e3", "#b58900", "#cb4b16", "#dc322f", "#d33682", "#6c71c4", "#268bd2", "#2aa198", "#859900" ]
  },
  {
    "name": "Carbonight",
    "colors": ["#2E2C2B", "#073642", "#586e75", "#657b83", "#839496", "#93a1a1", "#eee8d5", "#fdf6e3", "#b58900", "#cb4b16", "#dc322f", "#d33682", "#6c71c4", "#268bd2", "#2aa198", "#859900"]
  },
  {
    "name": "Chocolate",
    "colors": ["#150f08", "#586e75", "#657b83", "#839496", "#93a1a1", "#eee8d5", "#fdf6e3", "#b58900", "#cb4b16", "#dc322f", "#d33682", "#6c71c4", "#268bd2", "#2aa198", "#859900"]
  },
  {
    "name": "Crisp",
    "colors": ["#221a22", "#586e75", "#657b83", "#839496", "#93a1a1", "#eee8d5", "#fdf6e3", "#b58900", "#cb4b16", "#dc322f", "#d33682", "#6c71c4", "#268bd2", "#2aa198", "#859900" ]
  },
  {
    "name": "Darkside",
    "colors": ["#222324", "#586e75", "#657b83", "#839496", "#93a1a1", "#eee8d5", "#fdf6e3", "#b58900", "#cb4b16", "#dc322f", "#d33682", "#6c71c4", "#268bd2", "#2aa198", "#859900"]
  },
  {
    "name": "Base16",
    "colors": ["#151515", "#202020", "#303030", "#505050", "#b0b0b0", "#d0d0d0", "#e0e0e0", "#f5f5f5", "#ac4142", "#d28445", "#f4bf75", "#90a959", "#75b5aa", "#6a9fb5", "#aa759f", "#8f5536"]
  },
  {
    "name": "Codeschool",
    "colors": ["#232C31", "#1C3657", "#2A343A", "#3F4944", "#84898C", "#9EA7A6", "#A7CFA3", "#B5D8F6", "#2A5491", "#43820D", "#A03B1E", "#237986", "#B02F30", "#484D79", "#C59820", "#C98344"]
  },
  {
    "name": "Mocha",
    "colors": ["#3B3228", "#534636", "#645240", "#7E705A", "#B8AFAD", "#D0C8C6", "#E9E1DD", "#F5EEEB", "#CB6077", "#D28B71", "#F4BC87", "#BEB55B", "#7BBDA4", "#8AB3B5", "#A89BB9", "#BB9584"]
  },
  {
    "name": "Railscast",
    "colors": ["#2B2B2B", "#272935", "#3A4055", "#5A647E", "#D4CFC9", "#E6E1DC", "#F4F1ED", "#F9F7F3", "#DA4939", "#CC7833", "#FFC66D", "#A5C261", "#519F50", "#6D9CBE", "#B6B3EB", "#BC9458"]
  },
  {
    "name": "Google",
    "colors": ["#1D1F21", "#282A2E", "#373B41", "#969896", "#B4B7B4", "#C5C8C6", "#E0E0E0", "#FFFFFF", "#CC342B", "#F96A38", "#FBA922", "#198844", "#3971ED", "#3971ED", "#A36AC7", "#3971ED"]
  },
  {
    "name": "Flat",
    "colors": ["#2C3E50", "#34495E", "#7F8C8D", "#95A5A6", "#BDC3C7", "#E0E0E0", "#F5F5F5", "#ECF0F1", "#E74C3C", "#E67E22", "#F1C40F", "#2ECC71", "#1ABC9C", "#3498DB", "#9B59B6", "#BE643C"]
  },
  {
    "name": "Atelier Dune",
    "colors": ["#20201D", "#292824", "#6E6B5E", "#7D7A68", "#999580", "#A6A28C", "#E8E4CF", "#FEFBEC", "#D73737", "#B65611", "#CFB017", "#60AC39", "#1FAD83", "#6684E1", "#B854D4", "#D43552"]
  },
  {
    "name": "Atelier Forest",
    "colors": ["#1B1918", "#2C2421", "#68615E", "#766E6B", "#9C9491", "#A8A19F", "#E6E2E0", "#F1EFEE", "#F22C40", "#DF5320", "#D5911A", "#5AB738", "#00AD9C", "#407EE7", "#6666EA", "#C33FF3"]
  },
  {
    "name": "Spacegray Eighties Dark",
    "colors": ["#2d2d2d", "#393939", "#515151", "#747369", "#a09f93", "#d3d0c8", "#e8e6df", "#f2f0ec", "#f2777a", "#f99157", "#ffcc66", "#99cc99", "#66cccc", "#6699cc", "#cc99cc", "#d27b53"]
  },
  {
    "name": "The One",
    "colors": ["#282c34", "#2c323c", "#373f4b", "#3e4451", "#5c636c", "#7d8793", "#abb2ba", "#c3cbd4", "#DF6B75", "#D19965", "#e2c08d", "#97C279", "#56B5C2", "#61AFEF", "#C578DD", "#d19365"]
  }
]
